,oD,ړD1,ړD2
1,Ȃ,,
2,₦,炵,
3,,,
4,,,
5,,,
6,킽̂͂,,
7,݂߂,,
8,,,
9,,,
10,ЂƂ,,
11,܂,,
12,,,
13,Ȃ,,
14,݂,您,
15,,,
16,,,
17,,,
18,܂,,
19,,,
20,݂,Ȃ,
21,,䂤,
22,,,
23,,,
24,,,
25,,,
26,,,
27,,,
28,킷,,
29,Ȃɂ킦,,
30,,,
31,肫,,
32,Ȃ,,
33,,,
34,̂Ȃ,,
35,ڂ炯,킪,
36,炵,肨,
37,₷,䂤,
38,,,
39,,,
40,,,
41,,肨,
42,,,
43,,䂤,
44,͂Ȃ,,
45,͂Ȃ,킪,
46,킪,,
47,,䂤,
48,,,
49,킪,,
50,Ȃɂ,,
51,,,
52,,,
53,܂,,
54,܂,,
55,,,
56,肨,,
57,킷,,
58,݂,,
59,킶,,
60,,,
61,܂,,
62,날,,
63,,,
64,Ђ,,
65,܂,,
66,,,
67,,,
68,,,
69,݂,,
70,݂߂,,
71,݂,,
72,,,
73,,,
74,炴,,
75,Ȃ,,
76,,,
77,,,
78,,,
79,͂,Ȃ,
80,Ȃ,,
81,,,
82,,킽̂͂炱,
83,,,
84,,,
85,̂Ȃ,,
86,Ȃɂ킪,,
87,䂤,,
88,ڂ炯,,
89,,,
90,您,,
91,,,
92,肠,,
93,,,
94,͂邷,,
95,,,
96,,,
97,,,
98,,킽̂͂炱,
